1764331972.1767793	doc-8.3	84.30
1764331972.3443234	doc-8.3	84.22
1764331972.4956565	doc-8.3	90.53
1764331972.6584659	doc-8.3	93.81
1764331972.8111813	doc-8.3	88.49
1764331972.9583273	doc-8.3	84.49
1764331973.1438262	doc-8.3	87.12
1764331973.2731962	doc-8.3	86.83
1764331973.4048548	doc-8.3	84.51
1764331973.5356936	doc-8.3	84.49
1764331973.6709242	doc-8.3	84.13
1764331973.8187625	doc-8.3	90.98
1764331973.9514039	doc-8.3	84.40
1764331974.1019094	doc-8.3	84.22
1764331974.2565975	doc-8.3	206.00
1764331974.4129617	doc-8.3	163.06
1764331974.5862093	doc-8.3	240.51
1764331974.7409008	doc-8.3	90.14
1764331974.8766863	doc-8.3	265.85
1764331975.0332851	doc-8.3	265.60
1764331975.1864774	doc-8.3	272.31
1764331975.3387728	doc-8.3	263.35
1764331975.4939392	doc-8.3	276.27
1764331975.6455367	doc-8.3	230.92
1764331975.8022022	doc-8.3	253.69
1764331975.9387743	doc-8.3	260.63
1764331976.1106827	doc-8.3	275.60
1764331976.2609432	doc-8.3	300.76
1764331976.3966	doc-8.3	264.96
1764331976.5325556	doc-8.3	269.79
1764331976.6891377	doc-8.3	280.23
1764331976.8406777	doc-8.3	91.99
1764331976.9749863	doc-8.3	255.41
1764331977.131151	doc-8.3	272.16
1764331977.2709067	doc-8.3	308.67
1764331977.4121418	doc-8.3	253.88
1764331977.5661922	doc-8.3	265.62
1764331977.7023692	doc-8.3	242.50
1764331977.8574533	doc-8.3	270.05
1764331978.0097623	doc-8.3	92.18
1764331978.1620944	doc-8.3	308.12
1764331978.3410916	doc-8.3	272.07
1764331978.491614	doc-3.7	94.88
1764331978.645665	doc-3.7	297.54
1764331978.7813165	doc-3.7	265.84
1764331978.9178438	doc-3.7	237.52
1764331979.0896125	doc-3.7	152.50
1764331979.2516372	doc-3.7	293.45
1764331979.4119325	doc-3.7	267.11
1764331979.5702722	doc-3.7	235.47
1764331979.7301395	doc-3.7	253.60
1764331979.8703973	doc-3.7	285.24
1764331980.0442796	doc-3.7	298.32
1764331980.197991	doc-3.7	260.04
1764331980.3511655	doc-3.7	277.17
1764331980.501263	doc-3.7	267.23
1764331980.651594	doc-3.7	98.75
1764331980.7913427	doc-3.7	309.33
1764331980.9505672	doc-3.7	247.55
1764331981.1107006	doc-3.7	249.20
1764331981.269454	doc-3.7	242.51
1764331981.4192145	doc-3.7	260.47
1764331981.574022	doc-3.7	303.44
1764331981.7311656	doc-3.7	267.32
1764331981.8708122	doc-3.7	272.83
1764331982.0237052	doc-3.7	135.54
1764331982.1620896	doc-3.7	302.42
1764331982.318314	doc-3.7	264.90
1764331982.4722414	doc-3.7	265.25
1764331982.6231747	doc-3.7	274.51
1764331982.7772288	doc-3.7	310.06
1764331982.9316285	doc-3.7	250.24
1764331983.0703216	doc-3.7	273.82
1764331983.2421012	doc-6.3	89.46
1764331983.3981462	doc-6.3	275.55
1764331983.5534728	doc-6.3	259.26
1764331983.7097304	doc-6.3	266.30
1764331983.862811	doc-6.3	273.57
1764331984.002883	doc-6.3	277.67
1764331984.1374629	doc-6.3	100.01
1764331984.2748399	doc-6.3	256.22
1764331984.429967	doc-6.3	251.77
1764331984.5895534	doc-6.3	268.09
1764331984.7630782	doc-6.3	90.04
1764331984.9176724	doc-6.3	310.14
1764331985.055479	doc-6.3	274.36
1764331985.2102654	doc-6.3	276.20
1764331985.3680754	doc-6.3	277.93
1764331985.5202727	doc-6.3	279.88
1764331985.6739225	doc-6.3	264.75
1764331985.831479	doc-6.3	300.10
1764331985.9694424	doc-6.3	270.48
1764331986.108585	doc-6.3	269.61
1764331986.282	doc-6.3	235.10
1764331986.4612393	doc-6.3	278.26
1764331986.5972834	doc-6.3	277.43
1764331986.7330277	doc-6.3	278.80
1764331986.9070275	doc-6.3	92.86
1764331987.0621018	doc-6.3	302.28
1764331987.1985037	doc-6.3	236.74
1764331987.335199	doc-6.3	278.98
1764331987.471313	doc-6.3	278.70
1764331987.627624	doc-6.3	271.11
1764331987.7604961	doc-6.3	279.89
1764331987.9142487	doc-6.3	279.21
1764331988.0504427	doc-6.3	278.83
1764331988.187232	doc-6.3	278.90
1764331988.339148	doc-6.3	99.72
1764331988.4944458	doc-6.3	264.49
1764331988.6325321	doc-6.3	300.90
1764331988.7893145	doc-6.3	272.04
1764331988.9410965	doc-6.3	307.75
1764331989.093597	doc-6.3	292.40
1764331989.2282858	doc-6.3	275.25
1764331989.3816156	doc-6.3	281.18
1764331989.5597246	doc-6.2	89.75
1764331989.7147639	doc-6.2	304.11
1764331989.8518713	doc-6.2	272.59
1764331989.9888074	doc-6.2	267.68
1764331990.1417863	doc-6.2	238.84
1764331990.3151224	doc-6.2	238.96
1764331990.4702888	doc-6.2	262.93
1764331990.6279252	doc-6.2	256.80
1764331990.767609	doc-6.2	266.30
1764331990.906687	doc-6.2	275.72
1764331991.0548348	doc-6.2	95.05
1764331991.2074473	doc-6.2	296.75
1764331991.3675706	doc-6.2	225.22
1764331991.510314	doc-6.2	265.50
1764331991.649789	doc-6.2	313.92
1764331991.8074734	doc-6.2	271.39
1764331991.967489	doc-6.2	242.64
1764331992.1077838	doc-6.2	91.50
1764331992.2615001	doc-6.2	272.25
1764331992.3978257	doc-6.2	259.34
1764331992.5345526	doc-6.2	265.87
1764331992.6868823	doc-6.2	172.96
1764331992.8269086	doc-6.2	139.23
1764331992.9873595	doc-6.2	267.26
1764331993.1276665	doc-6.2	272.26
1764331993.2799916	doc-6.2	277.93
1764331993.4540122	doc-3.3	89.36
1764331993.5888238	doc-3.3	306.08
1764331993.746302	doc-3.3	233.69
1764331993.8866072	doc-3.3	263.91
1764331994.0593886	doc-3.3	90.24
1764331994.2138448	doc-3.3	300.16
1764331994.3501246	doc-3.3	276.62
1764331994.505426	doc-3.3	91.11
1764331994.6576827	doc-3.3	268.11
1764331994.7936988	doc-3.3	274.12
1764331994.9486494	doc-3.3	275.60
1764331995.1058106	doc-3.3	250.10
1764331995.2598073	doc-3.3	121.55
1764331995.396803	doc-3.3	129.14
1764331995.5500178	doc-3.3	272.13
1764331995.6865695	doc-3.3	269.69
1764331995.8249052	doc-3.3	265.95
1764331995.9749255	doc-3.3	97.87
1764331996.1297455	doc-3.3	294.29
1764331996.2669997	doc-3.3	244.98
1764331996.4261973	doc-3.3	108.11
1764331996.587379	doc-3.3	270.58
1764331996.7653606	doc-3.3	235.01
1764331996.9045782	doc-3.3	232.38
1764331997.0563374	doc-3.3	247.65
1764331997.2096796	doc-3.3	249.72
1764331997.3648202	doc-1.4	94.17
1764331997.5173035	doc-1.4	88.87
1764331997.6533163	doc-1.4	267.68
1764331997.788345	doc-1.4	257.89
1764331997.9443297	doc-1.4	277.04
1764331998.0787146	doc-1.4	278.06
1764331998.230643	doc-1.4	168.93
1764331998.3653762	doc-1.4	301.51
1764331998.5172124	doc-1.4	239.17
1764331998.651533	doc-1.4	275.01
1764331998.8054228	doc-1.4	280.62
1764331998.958498	doc-1.4	278.32
1764331999.1304538	doc-1.4	282.67
1764331999.285698	doc-1.4	311.48
1764331999.4378839	doc-1.4	272.95
1764331999.570761	doc-1.4	277.74
1764331999.7445145	doc-1.4	288.94
1764331999.8837786	doc-1.4	282.91
1764332000.0376205	doc-1.4	282.44
1764332000.1723335	doc-1.4	284.87
1764332000.3078024	doc-1.4	283.85
1764332000.463573	doc-1.4	236.20
1764332000.6167765	doc-1.4	109.96
1764332000.7689815	doc-1.4	301.83
1764332000.9251883	doc-1.4	257.26
1764332001.0647814	doc-1.4	274.89
1764332001.203147	doc-1.4	277.41
1764332001.3573523	doc-1.4	279.11
1764332001.5095167	doc-1.4	281.11
1764332001.6633196	doc-1.4	276.27
1764332001.8164341	doc-1.4	283.55
1764332001.9869635	doc-1.4	118.29
1764332002.1428835	doc-1.4	305.50
1764332002.2843864	doc-1.4	261.06
1764332002.4238827	doc-1.4	284.80
1764332002.5778174	doc-1.4	280.26
1764332002.7113004	doc-1.4	285.48
1764332002.882934	doc-1.4	265.83
1764332003.0450172	doc-1.4	313.05
1764332003.1822684	doc-1.4	295.19
1764332003.3382208	doc-1.4	273.46
1764332003.4734578	doc-1.4	272.13
1764332003.6307576	doc-1.4	280.96
1764332003.767635	doc-1.4	250.99
1764332003.9224713	doc-1.4	288.37
1764332004.0753148	doc-1.4	146.11
1764332004.2294745	doc-1.4	90.72
1764332004.3836024	doc-1.4	301.34
1764332004.5235584	doc-1.4	248.55
1764332004.662179	doc-1.4	267.33
1764332004.8020809	doc-1.4	284.99
1764332004.9515493	doc-1.4	144.58
1764332005.1023002	doc-10.8	90.72
1764332005.2533693	doc-10.8	304.24
1764332005.3895547	doc-10.8	256.45
1764332005.5433502	doc-10.8	268.96
1764332005.6854656	doc-10.8	275.30
1764332005.823092	doc-10.8	96.41
1764332005.9634502	doc-10.8	258.34
1764332006.1030064	doc-10.8	275.49
1764332006.2745688	doc-10.8	109.57
1764332006.4289646	doc-10.8	237.46
1764332006.5861473	doc-10.8	273.00
1764332006.723022	doc-10.8	275.82
1764332006.8626368	doc-10.8	281.83
1764332007.0348315	doc-10.8	91.89
1764332007.1890783	doc-10.8	302.55
1764332007.3426957	doc-10.8	276.15
1764332007.4826877	doc-10.8	278.07
1764332007.6349123	doc-10.8	92.28
1764332007.7900596	doc-10.8	314.99
1764332007.9240663	doc-10.8	284.15
1764332008.0948458	doc-10.8	151.58
1764332008.246003	doc-10.8	299.30
1764332008.3817856	doc-10.8	255.80
1764332008.5532506	doc-10.8	255.18
1764332008.6891212	doc-10.8	275.76
1764332008.8409855	doc-10.8	90.14
1764332008.9929092	doc-10.8	301.13
1764332009.1459072	doc-10.8	253.68
1764332009.3023086	doc-10.8	266.56
1764332009.4599535	doc-9.3	91.01
1764332009.6122549	doc-9.3	89.46
1764332009.747723	doc-9.3	253.47
1764332009.9027858	doc-9.3	270.07
1764332010.0797453	doc-9.3	93.59
1764332010.2348092	doc-9.3	246.65
1764332010.3900416	doc-9.3	259.19
1764332010.546715	doc-9.3	272.36
1764332010.6946926	doc-9.3	280.37
1764332010.8302684	doc-9.3	91.79
1764332010.965693	doc-9.3	272.58
1764332011.1217318	doc-9.3	262.98
1764332011.2728987	doc-9.3	276.59
1764332011.4257026	doc-9.3	278.06
1764332011.5600784	doc-9.3	279.23
1764332011.7303374	doc-9.3	103.60
1764332011.8864005	doc-9.3	306.97
1764332012.0236251	doc-9.3	268.37
1764332012.1610067	doc-9.3	269.07
1764332012.2952654	doc-9.3	273.38
1764332012.4469588	doc-9.3	117.32
1764332012.5825589	doc-9.3	90.43
1764332012.7405703	doc-9.3	241.60
1764332012.8814185	doc-9.3	249.00
1764332013.0208025	doc-9.3	89.56
1764332013.1742275	doc-9.3	304.01
1764332013.3099976	doc-9.3	270.07
1764332013.4432542	doc-9.3	270.20
1764332013.5996208	doc-9.3	274.28
1764332013.7533867	doc-9.3	90.63
1764332013.9066	doc-9.3	301.08
1764332014.0795815	doc-9.3	275.81
1764332014.218356	doc-9.5	89.94
1764332014.3699515	doc-9.5	288.79
1764332014.5420125	doc-9.5	268.77
1764332014.7005928	doc-9.5	237.45
1764332014.8504755	doc-9.5	270.22
1764332015.0063887	doc-9.5	280.92
1764332015.139661	doc-9.5	272.96
1764332015.311125	doc-9.5	266.50
1764332015.4443157	doc-9.5	316.34
1764332015.5804787	doc-9.5	259.62
1764332015.719953	doc-9.5	280.56
1764332015.8786166	doc-9.5	272.04
1764332016.0510283	doc-9.5	91.38
1764332016.1848397	doc-9.5	297.85
1764332016.3402448	doc-9.5	275.43
1764332016.499939	doc-9.5	280.47
1764332016.6392565	doc-9.5	277.54
1764332016.7780044	doc-9.5	278.41
1764332016.931114	doc-9.5	279.65
1764332017.0856655	doc-9.5	237.98
1764332017.242191	doc-9.5	264.40
1764332017.3996642	doc-9.5	270.44
1764332017.5580835	doc-9.5	256.18
1764332017.6937768	doc-9.5	278.56
1764332017.829447	doc-9.5	279.46
1764332017.9655182	doc-9.5	282.33
1764332018.1381524	doc-9.5	196.24
1764332018.2778406	doc-9.5	300.35
1764332018.4191713	doc-9.5	263.18
1764332018.5910723	doc-9.5	250.07
1764332018.7455683	doc-9.5	312.21
1764332018.8817015	doc-9.5	300.05
1764332019.0397713	doc-9.5	274.14
1764332019.1791725	doc-9.5	271.31
1764332019.3610976	doc-9.5	91.31
1764332019.5187962	doc-9.5	296.98
1764332019.6790354	doc-9.5	274.73
1764332019.8203778	doc-9.5	269.44
1764332019.9804761	doc-10.2	91.01
1764332020.1372852	doc-10.2	299.75
1764332020.2791274	doc-10.2	259.93
1764332020.4391754	doc-10.2	270.41
1764332020.597963	doc-10.2	277.21
1764332020.7502792	doc-10.2	279.92
1764332020.9060018	doc-10.2	282.16
1764332021.0593352	doc-10.2	91.31
1764332021.1974263	doc-10.2	306.54
1764332021.3319175	doc-10.2	270.51
1764332021.4861333	doc-10.2	273.30
1764332021.623919	doc-10.2	276.29
1764332021.77727	doc-10.2	284.67
1764332021.916752	doc-10.2	287.33
1764332022.0983648	doc-10.2	92.09
1764332022.2575102	doc-10.2	290.84
1764332022.4180799	doc-10.2	275.40
1764332022.5707781	doc-10.2	269.57
1764332022.7255216	doc-10.2	284.37
1764332022.8622444	doc-10.2	284.78
1764332023.0168824	doc-10.2	216.35
1764332023.1702588	doc-10.2	284.12
1764332023.325677	doc-10.2	283.99
1764332023.4769428	doc-10.2	285.62
1764332023.6163294	doc-10.2	285.49
1764332023.7697291	doc-10.2	268.39
1764332023.9495456	doc-10.2	91.89
1764332024.105312	doc-10.2	298.67
1764332024.2580209	doc-10.2	277.35
1764332024.4101725	doc-10.2	246.01
1764332024.5612283	doc-10.2	280.21
1764332024.7353454	doc-10.2	92.96
1764332024.8693228	doc-10.2	300.01
1764332025.0050786	doc-10.2	300.79
1764332025.139525	doc-10.2	277.79
1764332025.2779477	doc-10.2	269.35
1764332025.4187026	doc-10.2	283.56
1764332025.5573146	doc-10.2	291.23
1764332025.6955364	doc-10.2	302.23
1764332025.837459	doc-10.2	269.39
1764332025.9907284	doc-10.2	279.13
1764332026.1280591	doc-10.2	281.58
1764332026.2815106	doc-10.2	284.20
1764332026.4360332	doc-10.2	287.07
1764332026.5904236	doc-10.2	285.11
1764332026.7236598	doc-10.2	285.98
1764332026.8957105	doc-10.2	202.98
1764332027.0504477	doc-10.2	298.58
1764332027.2059293	doc-10.2	297.85
1764332027.3432386	doc-10.2	283.25
1764332027.4790273	doc-10.2	282.09
1764332027.6348257	doc-10.2	276.39
1764332027.7702477	doc-10.2	285.93
1764332027.9053237	doc-10.2	284.87
1764332028.0828295	doc-1.3	91.96
1764332028.2199483	doc-1.3	90.99
1764332028.3760235	doc-1.3	263.05
1764332028.5299034	doc-1.3	270.28
1764332028.707296	doc-1.3	273.26
1764332028.8611093	doc-1.3	310.12
1764332028.9974632	doc-1.3	260.52
1764332029.1495275	doc-1.3	274.38
1764332029.2847536	doc-1.3	274.41
1764332029.4559035	doc-1.3	91.79
1764332029.5884783	doc-1.3	307.14
1764332029.7244446	doc-1.3	263.24
1764332029.8779182	doc-1.3	273.83
1764332030.054375	doc-1.3	254.27
1764332030.2099807	doc-1.3	278.45
1764332030.3446438	doc-1.3	286.55
1764332030.481167	doc-1.3	282.00
1764332030.615818	doc-1.3	281.94
1764332030.7739615	doc-1.3	112.22
1764332030.93582	doc-1.3	249.80
1764332031.0949185	doc-1.3	275.60
1764332031.2347932	doc-1.3	283.69
1764332031.3891234	doc-1.3	243.57
1764332031.559075	doc-1.3	92.48
1764332031.6952996	doc-1.3	309.79
1764332031.835751	doc-1.3	279.47
1764332031.9750876	doc-1.3	284.64
1764332032.113939	doc-1.3	286.56
1764332032.2737412	doc-1.3	281.64
1764332032.443065	doc-1.3	104.36
1764332032.5969713	doc-1.3	304.90
1764332032.7352133	doc-1.3	270.27
1764332032.8946626	doc-1.3	255.08
1764332033.0533586	doc-1.3	282.07
1764332033.188747	doc-1.3	272.53
1764332033.3411257	doc-1.3	261.89
1764332033.497878	doc-1.3	273.36
1764332033.6531048	doc-1.3	281.56
1764332033.8046954	doc-1.3	253.38
1764332033.958295	doc-1.3	238.34
1764332034.1139724	doc-1.3	235.64
1764332034.2524018	doc-1.3	92.18
1764332034.4051096	doc-1.3	297.73
1764332034.5415332	doc-1.3	273.23
1764332034.7143476	doc-3.5	105.24
1764332034.865868	doc-3.5	311.99
1764332035.022354	doc-3.5	229.28
1764332035.1578598	doc-3.5	273.62
1764332035.2929697	doc-3.5	257.50
1764332035.4330451	doc-3.5	285.45
1764332035.5835316	doc-3.5	98.46
1764332035.7177846	doc-3.5	297.23
1764332035.873681	doc-3.5	260.49
1764332036.0264766	doc-3.5	280.48
1764332036.1796155	doc-3.5	279.24
1764332036.3338053	doc-3.5	303.40
1764332036.4736404	doc-3.5	266.10
1764332036.6135714	doc-3.5	278.31
1764332036.752282	doc-3.5	279.38
1764332036.8922472	doc-3.5	286.68
1764332037.0269434	doc-3.5	285.66
1764332037.1633518	doc-3.5	288.83
1764332037.3188734	doc-3.5	284.46
1764332037.4744565	doc-3.5	92.38
1764332037.6340015	doc-3.5	266.91
1764332037.7864442	doc-3.5	276.74
1764332037.9414752	doc-3.5	277.23
1764332038.0938354	doc-3.5	280.81
1764332038.2460294	doc-3.5	280.11
1764332038.4203126	doc-3.5	93.71
1764332038.5564442	doc-3.5	297.63
1764332038.7130547	doc-3.5	278.41
1764332038.8654754	doc-3.5	281.39
1764332038.999657	doc-3.5	93.69
1764332039.1544716	doc-3.5	301.10
1764332039.2926536	doc-3.5	280.88
1764332039.4427588	doc-3.5	91.79
1764332039.5984824	doc-3.5	315.33
1764332039.753714	doc-3.5	281.50
1764332039.9122124	doc-3.5	245.24
1764332040.0503957	doc-3.5	269.31
1764332040.228322	doc-9.1	91.87
1764332040.3821187	doc-9.1	305.42
1764332040.5189662	doc-9.1	259.95
1764332040.656207	doc-9.1	271.24
1764332040.792011	doc-9.1	273.33
1764332040.952667	doc-9.1	91.11
1764332041.1065593	doc-9.1	302.56
1764332041.2431746	doc-9.1	267.42
1764332041.3787327	doc-9.1	235.55
1764332041.5322168	doc-9.1	90.79
1764332041.6722465	doc-9.1	299.07
1764332041.8265383	doc-9.1	272.99
1764332041.978954	doc-9.1	273.80
1764332042.114326	doc-9.1	277.75
1764332042.2505517	doc-9.1	281.70
1764332042.4103959	doc-9.1	280.77
1764332042.583506	doc-9.1	110.44
1764332042.7371814	doc-9.1	302.81
1764332042.8917868	doc-9.1	274.35
1764332043.0514622	doc-9.1	276.36
1764332043.1903138	doc-9.1	280.54
1764332043.3448658	doc-9.1	188.14
1764332043.4985406	doc-9.1	301.85
1764332043.6537921	doc-9.1	279.92
1764332043.8343012	doc-9.1	255.42
1764332044.0093083	doc-9.1	271.25
1764332044.1439183	doc-9.1	319.15
1764332044.3180993	doc-9.1	273.00
1764332044.474821	doc-9.1	273.74
1764332044.6305585	doc-9.1	285.77
1764332044.8100576	doc-9.1	285.22
1764332044.942763	doc-9.1	92.28
1764332045.094353	doc-9.1	317.40
1764332045.251247	doc-9.1	274.02
1764332045.423054	doc-5.3	90.92
1764332045.5782979	doc-5.3	319.99
1764332045.7315462	doc-5.3	276.81
1764332045.8904202	doc-5.3	240.09
1764332046.0499678	doc-5.3	270.30
1764332046.2095604	doc-5.3	274.33
1764332046.3879063	doc-5.3	276.25
1764332046.5485013	doc-5.3	123.94
1764332046.70225	doc-5.3	268.73
1764332046.8581958	doc-5.3	274.46
1764332047.0109334	doc-5.3	276.77
1764332047.1890156	doc-5.3	275.13
1764332047.3234468	doc-5.3	92.64
1764332047.4783602	doc-5.3	305.30
1764332047.63435	doc-5.3	277.00
1764332047.790704	doc-5.3	279.83
1764332047.9488902	doc-5.3	286.35
1764332048.0832038	doc-5.3	288.56
1764332048.2512507	doc-5.3	97.29
1764332048.4089172	doc-5.3	314.20
1764332048.549864	doc-5.3	278.34
1764332048.7014792	doc-5.3	274.24
1764332048.854412	doc-5.3	279.02
1764332048.9914498	doc-5.3	280.79
1764332049.1499202	doc-5.3	92.64
1764332049.3017693	doc-5.3	296.90
1764332049.43715	doc-5.3	287.55
1764332049.6077266	doc-5.3	287.09
1764332049.7615485	doc-5.3	301.12
1764332049.9147966	doc-5.3	306.13
1764332050.0528533	doc-5.3	269.83
1764332050.2082984	doc-5.3	275.11
1764332050.3601367	doc-5.3	286.25
1764332050.5142946	doc-5.3	92.91
1764332050.6509593	doc-5.3	245.42
1764332050.8094294	doc-5.3	248.83
1764332050.9479778	doc-5.3	283.80
1764332051.0990267	doc-10.1	286.96
1764332051.2534575	doc-10.1	309.60
1764332051.4088326	doc-10.1	237.88
1764332051.561269	doc-10.1	91.21
1764332051.7168767	doc-10.1	245.44
1764332051.874695	doc-10.1	265.07
1764332052.0290563	doc-10.1	283.70
1764332052.18734	doc-10.1	283.89
1764332052.3375387	doc-10.1	253.14
1764332052.4732604	doc-10.1	274.18
1764332052.6465013	doc-10.1	92.96
1764332052.7818038	doc-10.1	308.63
1764332052.9171183	doc-10.1	249.42
1764332053.0807614	doc-10.1	276.63
1764332053.2326224	doc-10.1	290.97
1764332053.3873434	doc-10.1	256.51
1764332053.5269036	doc-10.1	300.91
1764332053.6885793	doc-10.1	269.12
1764332053.8423424	doc-10.1	269.70
1764332053.9787946	doc-10.1	92.67
1764332054.1340718	doc-10.1	271.21
1764332054.2871907	doc-6.4	102.12
1764332054.4420686	doc-6.4	299.37
1764332054.5986438	doc-6.4	269.02
1764332054.7547655	doc-6.4	272.03
1764332054.8924234	doc-6.4	280.91
1764332055.0467947	doc-6.4	278.58
1764332055.2077641	doc-6.4	93.98
1764332055.3812268	doc-6.4	269.30
1764332055.5338485	doc-6.4	248.58
1764332055.6860437	doc-6.4	247.30
1764332055.8462727	doc-6.4	264.58
1764332056.019547	doc-6.4	98.65
1764332056.1750436	doc-6.4	255.45
1764332056.3308194	doc-6.4	275.61
1764332056.4872744	doc-6.4	275.58
1764332056.6461184	doc-6.4	286.08
1764332056.8060753	doc-6.4	277.38
1764332056.9660301	doc-6.4	286.60
1764332057.1259143	doc-6.4	282.84
1764332057.2774105	doc-6.4	283.90
1764332057.4322882	doc-6.4	93.40
1764332057.5873363	doc-6.4	303.44
1764332057.7670567	doc-6.4	232.49
1764332057.925663	doc-6.4	250.38
1764332058.0784996	doc-6.4	252.38
1764332058.2153566	doc-6.4	266.03
1764332058.36569	doc-6.4	271.22
1764332058.5182254	doc-6.4	266.93
1764332058.6702297	doc-6.4	254.60
1764332058.826542	doc-6.4	233.95
1764332059.004785	doc-6.4	118.44
1764332059.1587481	doc-6.4	300.17
1764332059.3339782	doc-6.4	257.82
1764332059.489957	doc-6.4	276.56
1764332059.626186	doc-6.4	93.30
1764332059.7788253	doc-6.4	303.72
1764332059.9176207	doc-6.4	278.88
1764332060.068476	doc-6.4	92.84
1764332060.2270095	doc-6.4	302.65
1764332060.3862402	doc-6.4	245.33
1764332060.5595417	doc-1.1	91.60
1764332060.7145698	doc-1.1	90.60
1764332060.850566	doc-1.1	265.65
1764332061.0079777	doc-1.1	278.42
1764332061.1446261	doc-1.1	279.89
1764332061.2982273	doc-1.1	280.08
1764332061.451324	doc-1.1	95.15
1764332061.6061854	doc-1.1	278.28
1764332061.7856698	doc-1.1	276.08
1764332061.9383767	doc-1.1	284.71
1764332062.0731556	doc-1.1	283.75
1764332062.2265651	doc-1.1	283.14
1764332062.3747852	doc-1.1	106.07
1764332062.5300453	doc-1.1	302.73
1764332062.6863527	doc-1.1	277.70
1764332062.8257625	doc-1.1	278.42
1764332062.9639826	doc-1.1	287.16
1764332063.1181414	doc-1.1	282.64
1764332063.2704105	doc-1.1	284.06
1764332063.4250307	doc-1.1	285.36
1764332063.5769913	doc-1.1	290.62
1764332063.7276127	doc-1.1	133.82
1764332063.885401	doc-1.1	92.45
1764332064.0258446	doc-1.1	258.56
1764332064.1849747	doc-1.1	281.59
1764332064.3392358	doc-1.1	282.79
1764332064.4946506	doc-1.1	240.77
1764332064.6574333	doc-1.1	280.88
1764332064.813539	doc-1.1	93.64
1764332064.9668925	doc-1.1	289.04
1764332065.1244302	doc-1.1	279.28
1764332065.2948518	doc-1.1	277.39
1764332065.4487548	doc-1.1	321.96
1764332065.604623	doc-1.1	297.38
1764332065.7441163	doc-1.1	278.43
1764332065.8977752	doc-1.1	245.47
1764332066.0352993	doc-1.1	276.64
1764332066.1904268	doc-1.1	282.93
1764332066.3627198	doc-1.1	281.70
1764332066.5176501	doc-1.1	299.37
1764332066.6701186	doc-1.1	300.29
1764332066.8283749	doc-1.1	185.57
1764332067.0021062	doc-10.13	91.70
1764332067.1348698	doc-10.13	289.93
1764332067.2664201	doc-10.13	273.00
1764332067.42512	doc-10.13	252.57
1764332067.5837078	doc-10.13	274.28
1764332067.7442293	doc-10.13	174.81
1764332067.8945165	doc-10.13	217.67
1764332068.0506642	doc-10.13	244.73
1764332068.1852295	doc-10.13	273.62
1764332068.3435683	doc-10.13	306.29
1764332068.503908	doc-10.13	268.22
1764332068.6438508	doc-10.13	262.00
1764332068.7978082	doc-10.13	270.39
1764332068.9545214	doc-10.13	92.38
1764332069.1112788	doc-10.13	317.93
1764332069.248775	doc-10.13	278.09
1764332069.405487	doc-10.13	94.86
1764332069.5636158	doc-10.13	259.73
1764332069.7368667	doc-10.13	246.81
1764332069.8905149	doc-10.13	255.40
1764332070.0243452	doc-10.6	90.92
1764332070.2036555	doc-10.6	135.25
1764332070.362815	doc-10.6	246.31
1764332070.51654	doc-10.6	91.70
1764332070.6702778	doc-10.6	252.70
1764332070.8272862	doc-10.6	276.85
1764332070.9667141	doc-10.6	91.79
1764332071.1431978	doc-10.6	242.02
1764332071.294228	doc-10.6	244.50
1764332071.446217	doc-10.6	245.30
1764332071.5847669	doc-10.6	272.85
1764332071.740601	doc-10.6	92.74
1764332071.9143636	doc-10.6	256.22
1764332072.0494568	doc-10.6	269.44
1764332072.1864502	doc-10.6	283.20
1764332072.341404	doc-10.6	285.14
1764332072.4941962	doc-10.6	283.31
1764332072.6303	doc-10.6	282.87
1764332072.785402	doc-10.6	286.79
1764332072.9210002	doc-10.6	269.20
1764332073.07399	doc-10.6	261.45
1764332073.2309337	doc-10.6	310.82
1764332073.3870115	doc-10.6	255.50
1764332073.5608523	doc-10.6	108.53
1764332073.7019448	doc-10.6	240.25
1764332073.8767524	doc-9.4	92.18
1764332074.028969	doc-9.4	300.12
1764332074.201974	doc-9.4	274.26
1764332074.3623855	doc-9.4	90.72
1764332074.5222356	doc-9.4	230.54
1764332074.681459	doc-9.4	272.56
1764332074.834307	doc-9.4	278.42
1764332075.0103114	doc-9.4	94.95
1764332075.1661813	doc-9.4	252.24
1764332075.3014412	doc-9.4	272.55
1764332075.442054	doc-9.4	274.84
1764332075.60092	doc-9.4	116.74
1764332075.7537217	doc-9.4	306.31
1764332075.9076037	doc-9.4	237.59
1764332076.0616374	doc-9.4	103.89
1764332076.2205818	doc-9.4	305.54
1764332076.3725264	doc-9.4	247.19
1764332076.5271	doc-9.4	306.10
1764332076.66408	doc-9.4	265.65
1764332076.8147604	doc-9.4	271.50
1764332076.970227	doc-9.4	272.04
1764332077.1237066	doc-9.4	91.01
1764332077.2822177	doc-9.4	301.90
1764332077.452555	doc-9.4	262.78
1764332077.585965	doc-3.6	90.33
1764332077.7410707	doc-3.6	284.44
1764332077.8945692	doc-3.6	256.89
1764332078.0317152	doc-3.6	275.80
1764332078.1870234	doc-3.6	264.68
1764332078.321967	doc-3.6	121.75
1764332078.47936	doc-3.6	90.82
1764332078.6208198	doc-3.6	268.45
1764332078.7736802	doc-3.6	271.51
1764332078.927897	doc-3.6	91.40
1764332079.0836265	doc-3.6	302.81
1764332079.2601364	doc-3.6	247.71
1764332079.4143698	doc-3.6	279.96
1764332079.598372	doc-3.6	220.05
1764332079.7592409	doc-3.6	310.59
1764332079.9137275	doc-3.6	272.77
1764332080.0501573	doc-3.6	272.32
1764332080.2024415	doc-3.6	274.40
1764332080.359949	doc-3.6	138.81
1764332080.5203161	doc-3.6	302.00
1764332080.6997318	doc-3.6	266.71
1764332080.8597414	doc-3.6	202.67
1764332081.0200422	doc-3.6	301.48
1764332081.1798108	doc-3.6	241.82
1764332081.3516607	doc-3.6	272.71
1764332081.505833	doc-3.6	91.11
1764332081.642418	doc-3.6	273.99
1764332081.779804	doc-3.6	276.66
1764332081.9329147	doc-3.6	278.97
1764332082.0870817	doc-9.2	92.08
1764332082.2214367	doc-9.2	308.23
1764332082.3993428	doc-9.2	260.49
1764332082.55897	doc-9.2	268.01
1764332082.7280583	doc-9.2	275.14
1764332082.9029942	doc-9.2	282.28
1764332083.0395935	doc-9.2	305.05
1764332083.179008	doc-9.2	268.09
1764332083.3384619	doc-9.2	270.81
1764332083.4712055	doc-9.2	279.30
1764332083.6258893	doc-9.2	281.62
1764332083.765021	doc-9.2	284.37
1764332083.9206488	doc-9.2	307.86
1764332084.0788817	doc-9.2	247.58
1764332084.2192237	doc-9.2	280.16
1764332084.3771713	doc-9.2	275.36
1764332084.5173934	doc-9.2	286.80
1764332084.6686203	doc-9.2	282.31
1764332084.8213367	doc-9.2	242.83
1764332084.978986	doc-9.2	309.04
1764332085.1181128	doc-9.2	277.13
1764332085.26997	doc-9.2	268.00
1764332085.4449127	doc-9.2	131.86
1764332085.6002421	doc-9.2	294.87
1764332085.737929	doc-9.2	279.72
1764332085.8895912	doc-9.2	274.37
1764332086.0456536	doc-9.2	91.77
1764332086.2018404	doc-9.2	297.93
1764332086.3586178	doc-9.2	235.43
1764332086.49813	doc-9.2	244.89
1764332086.6368613	doc-9.2	233.67
1764332086.7871404	doc-9.2	128.42
1764332086.9417186	doc-9.2	298.98
1764332087.0994258	doc-9.2	264.50
1764332087.2578251	doc-9.2	280.56
1764332087.4174078	doc-9.2	283.48
1764332087.5694582	doc-9.2	269.30
1764332087.705949	doc-9.2	250.58
1764332087.8583446	doc-9.2	285.87
1764332088.0156589	doc-10.5	92.55
1764332088.1514466	doc-10.5	303.08
1764332088.3065014	doc-10.5	269.90
1764332088.4657178	doc-10.5	91.31
1764332088.6266577	doc-10.5	282.74
1764332088.800504	doc-10.5	277.07
1764332088.938564	doc-10.5	311.89
1764332089.117439	doc-10.5	242.70
1764332089.2580562	doc-10.5	272.53
1764332089.3955262	doc-10.5	279.89
1764332089.5501218	doc-10.5	276.70
1764332089.706783	doc-10.5	260.94
1764332089.8433273	doc-10.5	265.89
1764332090.0153954	doc-10.5	92.18
1764332090.1702254	doc-10.5	308.36
1764332090.3320618	doc-10.5	277.61
1764332090.4857535	doc-10.5	91.11
1764332090.638637	doc-10.5	273.92
1764332090.800851	doc-10.5	282.08
1764332090.9582953	doc-10.5	91.40
1764332091.0984325	doc-10.5	295.59
1764332091.2560399	doc-10.5	195.76
1764332091.4342835	doc-3.1	90.14
1764332091.5900755	doc-3.1	214.51
1764332091.74604	doc-3.1	267.65
1764332091.9028788	doc-3.1	275.34
1764332092.0712485	doc-3.1	273.77
1764332092.2260268	doc-3.1	314.70
1764332092.3778746	doc-3.1	260.10
1764332092.5482962	doc-3.1	89.65
1764332092.6841562	doc-3.1	303.91
1764332092.820163	doc-3.1	271.36
1764332092.9748135	doc-3.1	271.53
1764332093.114248	doc-3.1	273.16
1764332093.2689385	doc-3.1	281.13
1764332093.4421735	doc-3.1	178.35
1764332093.5989308	doc-3.1	311.14
1764332093.7560725	doc-3.1	270.30
1764332093.8944986	doc-3.1	274.33
1764332094.0544033	doc-3.1	278.35
1764332094.2102017	doc-3.1	281.20
1764332094.366278	doc-3.1	284.19
1764332094.5395894	doc-3.1	279.59
1764332094.6954052	doc-3.1	92.09
1764332094.8356166	doc-3.1	272.26
1764332095.0082862	doc-3.1	95.83
1764332095.1623366	doc-3.1	311.43
1764332095.3008983	doc-3.1	301.03
1764332095.4761178	doc-3.1	274.53
1764332095.6153665	doc-3.1	294.64
1764332095.7751412	doc-3.1	261.79
1764332095.9351556	doc-3.1	279.72
1764332096.07285	doc-8.1	95.54
1764332096.2252324	doc-8.1	317.07
1764332096.401898	doc-8.1	272.10
1764332096.559807	doc-8.1	251.59
1764332096.712661	doc-8.1	91.87
1764332096.871643	doc-8.1	283.47
1764332097.007136	doc-8.1	271.81
1764332097.162752	doc-8.1	106.88
1764332097.3182018	doc-8.1	259.34
1764332097.4545248	doc-8.1	277.96
1764332097.5950928	doc-8.1	274.09
1764332097.7328045	doc-8.1	281.13
1764332097.8861265	doc-8.1	288.71
1764332098.0381281	doc-8.1	289.85
1764332098.1923397	doc-8.1	281.14
1764332098.346719	doc-8.1	300.83
1764332098.502242	doc-8.1	237.48
1764332098.6398015	doc-8.1	272.10
1764332098.7942889	doc-8.1	278.67
1764332098.9529748	doc-8.1	287.91
1764332099.1067564	doc-8.1	283.37
1764332099.2622156	doc-8.1	283.00
1764332099.414611	doc-8.1	276.65
1764332099.54776	doc-8.1	285.45
1764332099.680633	doc-8.1	278.85
1764332099.8171422	doc-8.1	286.16
1764332099.9723492	doc-8.1	286.96
1764332100.12363	doc-8.1	126.08
1764332100.2749634	doc-8.1	301.70
1764332100.414336	doc-8.1	257.47
1764332100.5534937	doc-8.1	270.90
1764332100.7064688	doc-8.1	273.19
1764332100.8820221	doc-8.1	95.63
1764332101.0349677	doc-8.1	256.65
1764332101.193768	doc-8.1	276.88
1764332101.3323545	doc-8.1	278.53
1764332101.4866214	doc-8.1	271.55
1764332101.640093	doc-8.1	92.47
1764332101.7944841	doc-8.1	315.80
1764332101.933165	doc-8.1	281.86
1764332102.0732527	doc-8.1	274.65
1764332102.2257147	doc-8.1	273.47
1764332102.398462	doc-10.9	100.69
1764332102.5547993	doc-10.9	308.22
1764332102.713231	doc-10.9	273.39
1764332102.872724	doc-10.9	234.53
1764332103.0456312	doc-10.9	99.58
1764332103.1995711	doc-10.9	301.53
1764332103.3364215	doc-10.9	255.21
1764332103.491242	doc-10.9	268.65
1764332103.6458619	doc-10.9	284.21
1764332103.8233027	doc-10.9	96.02
1764332103.977555	doc-10.9	309.83
1764332104.1149232	doc-10.9	270.20
1764332104.2722847	doc-10.9	278.57
1764332104.4261127	doc-10.9	278.23
1764332104.5626454	doc-10.9	286.03
1764332104.7350042	doc-10.9	135.26
1764332104.891011	doc-10.9	159.97
1764332105.0329654	doc-10.9	272.23
1764332105.185625	doc-10.9	278.60
1764332105.3371234	doc-10.9	286.74
1764332105.4907331	doc-10.9	284.65
1764332105.6509135	doc-10.9	273.39
1764332105.8039901	doc-10.9	100.79
1764332105.9579806	doc-10.9	308.51
1764332106.1147444	doc-10.9	277.42
1764332106.2720976	doc-10.9	278.47
1764332106.4255304	doc-10.9	283.24
1764332106.5775228	doc-10.9	95.34
1764332106.7316453	doc-10.9	309.19
1764332106.8917453	doc-10.9	279.08
1764332107.0499804	doc-10.9	276.46
1764332107.224417	doc-10.9	175.96
1764332107.359359	doc-10.9	297.13
1764332107.5116737	doc-10.9	282.15
1764332107.6638176	doc-10.9	285.23
1764332107.8016486	doc-2.1	91.21
1764332107.958163	doc-2.1	90.63
1764332108.113892	doc-2.1	306.39
1764332108.2527983	doc-2.1	305.33
1764332108.4120603	doc-2.1	289.62
1764332108.550838	doc-2.1	278.82
1764332108.7046695	doc-2.1	291.59
1764332108.8575115	doc-2.1	280.72
1764332109.0101123	doc-2.1	267.98
1764332109.144394	doc-2.1	290.36
1764332109.2964072	doc-2.1	299.24
1764332109.4295917	doc-2.1	271.17
1764332109.5647492	doc-2.1	283.51
1764332109.7370815	doc-2.1	281.48
1764332109.910446	doc-2.1	288.79
1764332110.0490885	doc-2.1	290.38
1764332110.2018135	doc-2.1	288.23
1764332110.3544014	doc-2.1	289.84
1764332110.5372834	doc-2.1	92.94
1764332110.7025616	doc-2.1	303.50
1764332110.8710144	doc-2.1	302.00
1764332111.0538225	doc-2.1	280.74
1764332111.201899	doc-2.1	285.16
1764332111.3611708	doc-2.1	290.57
1764332111.5195334	doc-2.1	288.61
1764332111.6753707	doc-2.1	292.18
1764332111.829314	doc-2.1	297.18
1764332111.9844398	doc-2.1	290.13
1764332112.1218657	doc-2.1	295.09
1764332112.2784755	doc-2.1	295.53
1764332112.434916	doc-2.1	288.44
1764332112.5897381	doc-2.1	291.78
1764332112.7490768	doc-2.1	296.22
1764332112.8891687	doc-2.1	297.75
1764332113.028775	doc-2.1	293.07
1764332113.1686106	doc-2.1	292.70
1764332113.3225865	doc-2.1	291.24
1764332113.4745507	doc-2.1	300.08
1764332113.6309967	doc-2.1	292.21
1764332113.7826219	doc-2.1	290.67
1764332113.955812	doc-2.1	129.97
1764332114.0911226	doc-2.1	93.11
1764332114.2483625	doc-2.1	301.39
1764332114.3893707	doc-2.1	299.19
1764332114.5504966	doc-2.1	306.64
1764332114.709136	doc-2.1	276.88
1764332114.848297	doc-2.1	290.10
1764332114.9879117	doc-2.1	287.61
1764332115.1616588	doc-2.1	291.15
1764332115.298136	doc-2.1	293.66
1764332115.4545786	doc-2.1	270.47
1764332115.6093013	doc-2.1	260.12
1764332115.747734	doc-2.1	294.21
1764332115.902592	doc-2.1	292.32
1764332116.0579288	doc-2.1	289.69
1764332116.1958046	doc-2.1	290.34
1764332116.3507414	doc-2.1	292.68
1764332116.507664	doc-2.1	292.64
1764332116.6475933	doc-2.1	292.02
1764332116.7874362	doc-2.1	294.52
1764332116.942123	doc-2.1	296.99
1764332117.0790339	doc-2.1	296.45
1764332117.2538054	doc-2.1	93.71
1764332117.4103048	doc-2.1	298.63
1764332117.5687306	doc-2.1	300.88
1764332117.7275922	doc-2.1	309.22
1764332117.8882647	doc-2.1	280.51
1764332118.0280845	doc-2.1	249.17
1764332118.1669302	doc-2.1	272.10
1764332118.3220272	doc-2.1	257.15
1764332118.4780917	doc-2.1	288.66
1764332118.6163282	doc-2.1	291.62
1764332118.7518835	doc-2.1	292.04
1764332118.91256	doc-2.1	279.79
1764332119.0666418	doc-2.1	271.92
1764332119.207238	doc-2.1	288.45
1764332119.3664074	doc-2.1	295.98
1764332119.5264754	doc-2.1	290.09
1764332119.6863906	doc-2.1	288.89
1764332119.8679287	doc-2.1	172.65
1764332120.0277846	doc-2.1	310.07
1764332120.1664085	doc-2.1	303.64
1764332120.3285284	doc-2.1	298.57
1764332120.4864788	doc-2.1	296.16
1764332120.6272864	doc-2.1	287.29
1764332120.7867265	doc-2.1	246.42
1764332120.966054	doc-2.1	301.21
1764332121.1260064	doc-2.1	298.45
1764332121.2661316	doc-2.1	287.02
1764332121.406212	doc-2.1	280.52
1764332121.5857434	doc-2.1	291.79
1764332121.7390146	doc-2.1	290.45
1764332121.8887646	doc-2.1	134.29
1764332122.0471668	doc-2.1	298.36
1764332122.1869187	doc-2.1	306.00
1764332122.347357	doc-2.1	300.30
1764332122.5075924	doc-2.1	278.40
1764332122.6665697	doc-2.1	285.88
1764332122.827558	doc-2.1	279.43
1764332122.9656954	doc-2.1	289.36
1764332123.125628	doc-2.1	278.60
1764332123.2652917	doc-2.1	297.38
1764332123.4253025	doc-2.1	290.60
1764332123.5852673	doc-2.1	297.43
1764332123.7599988	doc-2.1	105.81
1764332123.897672	doc-2.1	300.25
1764332124.035566	doc-2.1	304.39
1764332124.1916997	doc-2.1	298.16
1764332124.347802	doc-2.1	302.43
1764332124.50616	doc-2.1	272.98
1764332124.6459978	doc-2.1	280.03
1764332124.8054562	doc-2.1	289.42
1764332124.964164	doc-2.1	296.34
1764332125.1238756	doc-5.2	92.45
1764332125.266309	doc-5.2	91.57
1764332125.4263341	doc-5.2	269.27
1764332125.5657697	doc-5.2	273.08
1764332125.7189708	doc-5.2	280.83
1764332125.868998	doc-5.2	100.30
1764332126.0274727	doc-5.2	306.53
1764332126.1854107	doc-5.2	275.83
1764332126.3384218	doc-5.2	278.66
1764332126.491338	doc-5.2	289.52
1764332126.627577	doc-5.2	298.40
1764332126.7653463	doc-5.2	231.72
1764332126.9053664	doc-5.2	272.16
1764332127.0576563	doc-5.2	286.70
1764332127.2187502	doc-5.2	283.08
1764332127.3940969	doc-5.2	93.89
1764332127.5506945	doc-5.2	284.25
1764332127.6872365	doc-5.2	278.51
1764332127.864133	doc-5.2	242.63
1764332128.0042176	doc-5.2	280.99
1764332128.158549	doc-5.2	282.87
1764332128.3315556	doc-5.2	96.22
1764332128.486109	doc-5.2	299.74
1764332128.6253066	doc-5.2	275.87
1764332128.7845082	doc-5.2	150.85
1764332128.9382417	doc-5.2	299.02
1764332129.0782044	doc-5.2	274.24
1764332129.2162607	doc-5.2	278.89
1764332129.3734086	doc-5.2	275.52
1764332129.5069785	doc-5.2	274.77
1764332129.6633685	doc-5.2	94.35
1764332129.80578	doc-5.2	267.90
1764332129.9574847	doc-5.2	278.67
1764332130.13096	doc-3.8	91.87
1764332130.2847686	doc-3.8	304.63
1764332130.437106	doc-3.8	277.23
1764332130.5959418	doc-3.8	287.79
1764332130.7305462	doc-3.8	281.11
1764332130.8897946	doc-3.8	94.08
1764332131.0651634	doc-3.8	272.23
1764332131.204464	doc-3.8	281.70
1764332131.3418581	doc-3.8	102.44
1764332131.5041423	doc-3.8	268.65
1764332131.6636639	doc-3.8	242.96
1764332131.8233135	doc-3.8	280.91
1764332131.9823046	doc-3.8	285.30
1764332132.151056	doc-3.8	216.67
1764332132.3056579	doc-3.8	316.72
1764332132.4440672	doc-3.8	279.23
1764332132.5833328	doc-3.8	280.64
1764332132.7422295	doc-3.8	284.93
1764332132.8814034	doc-3.8	134.75
1764332133.0418108	doc-3.8	303.42
1764332133.1831186	doc-3.8	267.87
1764332133.3431127	doc-3.8	277.48
1764332133.5152352	doc-3.8	99.43
1764332133.6704056	doc-3.8	220.70
1764332133.808527	doc-3.8	270.52
1764332133.9623835	doc-3.8	281.67
1764332134.1229959	doc-3.8	310.34
1764332134.2747476	doc-3.8	235.61
1764332134.4130337	doc-3.8	283.11
1764332134.5878806	doc-3.8	277.07
1764332134.7608135	doc-10.12	92.94
1764332134.9227784	doc-10.12	231.50
1764332135.0831003	doc-10.12	272.02
1764332135.2336402	doc-10.12	102.61
1764332135.3700044	doc-10.12	241.96
1764332135.5261555	doc-10.12	268.84
1764332135.70217	doc-10.12	136.04
1764332135.854097	doc-10.12	250.15
1764332135.9920523	doc-10.12	274.22
1764332136.1418014	doc-10.12	279.78
1764332136.2912107	doc-10.12	166.31
1764332136.4281366	doc-10.12	290.58
1764332136.5823987	doc-10.12	272.77
1764332136.755251	doc-10.12	217.12
1764332136.9117434	doc-10.12	293.93
1764332137.066071	doc-10.12	276.04
1764332137.2216792	doc-10.12	109.18
1764332137.3826435	doc-10.12	309.20
1764332137.5413382	doc-10.12	187.25
1764332137.6946106	doc-10.12	293.56
1764332137.8305461	doc-10.12	253.28
1764332137.9652035	doc-10.11	171.48
1764332138.1219862	doc-10.11	310.14
1764332138.2824795	doc-10.11	272.51
1764332138.4223282	doc-10.11	253.91
1764332138.5921621	doc-10.11	96.12
1764332138.7513604	doc-10.11	308.51
1764332138.9075646	doc-10.11	276.39
1764332139.0625749	doc-10.11	275.92
1764332139.2003825	doc-10.11	270.62
1764332139.3539517	doc-10.11	100.01
1764332139.4897773	doc-10.11	301.56
1764332139.6468992	doc-10.11	273.60
1764332139.800764	doc-10.11	279.88
1764332139.971676	doc-10.11	284.42
1764332140.1269064	doc-10.11	296.78
1764332140.2812865	doc-10.11	273.47
1764332140.434598	doc-10.11	273.83
1764332140.584027	doc-10.11	255.41
1764332140.7417917	doc-10.11	301.19
1764332140.8931093	doc-10.11	149.78
1764332141.0497766	doc-10.11	243.92
1764332141.206867	doc-10.11	275.07
1764332141.3443403	doc-10.11	260.65
1764332141.4993513	doc-10.11	280.33
1764332141.66864	doc-10.11	97.78
1764332141.8054638	doc-10.11	257.79
1764332141.9423356	doc-10.11	274.95
1764332142.0808673	doc-10.11	265.30
1764332142.2315614	doc-10.11	283.16
1764332142.3657064	doc-10.10	92.45
1764332142.5012038	doc-10.10	303.20
1764332142.679995	doc-10.10	264.34
1764332142.8543818	doc-10.10	257.72
1764332143.0129704	doc-10.10	280.14
1764332143.1654913	doc-10.10	95.25
1764332143.3019807	doc-10.10	261.13
1764332143.4539807	doc-10.10	276.11
1764332143.5915058	doc-10.10	280.00
1764332143.7499	doc-10.10	93.62
1764332143.8865354	doc-10.10	313.13
1764332144.039824	doc-10.10	275.29
1764332144.1799202	doc-10.10	279.36
1764332144.3335128	doc-10.10	285.08
1764332144.5116162	doc-10.10	96.41
1764332144.6657343	doc-10.10	251.29
1764332144.8228316	doc-10.10	245.72
1764332144.9799852	doc-10.10	272.71
1764332145.1606107	doc-10.10	115.57
1764332145.3198023	doc-10.10	306.03
1764332145.4530048	doc-10.10	272.93
1764332145.5892406	doc-10.10	277.32
1764332145.741983	doc-10.10	290.39
1764332145.8779788	doc-10.10	285.87
1764332146.0176742	doc-10.10	284.58
1764332146.1784968	doc-10.10	288.05
1764332146.3378816	doc-10.10	287.47
1764332146.4726412	doc-10.10	287.32
1764332146.6452181	doc-10.10	250.31
1764332146.780259	doc-10.10	260.76
1764332146.9330227	doc-10.10	238.30
1764332147.0676613	doc-10.10	276.31
1764332147.2216942	doc-10.10	271.89
1764332147.372975	doc-10.10	264.07
1764332147.5083497	doc-10.10	286.99
1764332147.6400814	doc-10.10	285.74
1764332147.7774305	doc-10.10	287.91
1764332147.911215	doc-10.10	288.40
1764332148.0655997	doc-10.10	278.22
1764332148.1991715	doc-10.10	290.27
1764332148.357191	doc-10.10	291.34
1764332148.4923925	doc-10.10	289.98
1764332148.647421	doc-10.10	287.37
1764332148.8019633	doc-10.10	311.48
1764332148.9386272	doc-10.10	258.34
1764332149.0780454	doc-10.10	272.61
1764332149.2372034	doc-10.10	274.16
1764332149.3715768	doc-10.10	278.44
1764332149.5259397	doc-10.10	281.96
1764332149.660448	doc-10.10	283.77
1764332149.818305	doc-10.10	279.53
1764332149.9892843	doc-10.10	311.16
1764332150.12583	doc-10.10	261.74
1764332150.278709	doc-10.10	279.28
1764332150.4184608	doc-10.10	277.16
1764332150.5676231	doc-10.10	284.14
1764332150.7384653	doc-1.2	91.67
1764332150.898281	doc-1.2	296.12
1764332151.0544393	doc-1.2	268.94
1764332151.2090309	doc-1.2	279.27
1764332151.4019876	doc-1.2	308.92
1764332151.5653706	doc-1.2	269.76
1764332151.750292	doc-1.2	276.83
1764332151.9181569	doc-1.2	293.16
1764332152.060854	doc-1.2	279.84
1764332152.2203174	doc-1.2	277.77
1764332152.3799734	doc-1.2	280.77
1764332152.5407133	doc-1.2	283.06
1764332152.7197912	doc-1.2	93.50
1764332152.8804216	doc-1.2	306.13
1764332153.0412698	doc-1.2	275.14
1764332153.2200522	doc-1.2	257.31
1764332153.3627217	doc-1.2	289.54
1764332153.524103	doc-1.2	284.80
1764332153.6850998	doc-1.2	286.41
1764332153.8444731	doc-1.2	250.36
1764332154.005889	doc-1.2	251.45
1764332154.1691391	doc-1.2	283.23
1764332154.348532	doc-1.2	283.84
1764332154.4910178	doc-1.2	288.65
1764332154.6561484	doc-1.2	278.82
1764332154.8421464	doc-1.2	272.77
1764332154.999325	doc-1.2	281.84
1764332155.1556203	doc-1.2	282.67
1764332155.3107438	doc-1.2	283.95
1764332155.4877596	doc-1.2	283.60
1764332155.6472557	doc-1.2	94.47
1764332155.8065991	doc-1.2	274.23
1764332155.9662797	doc-1.2	276.20
1764332156.1244621	doc-1.2	289.52
1764332156.2614515	doc-1.2	194.26
1764332156.4201005	doc-1.2	303.77
1764332156.5764172	doc-1.2	270.12
1764332156.7347744	doc-1.2	275.32
1764332156.8748515	doc-1.2	281.80
1764332157.0363057	doc-1.2	190.91
1764332157.196665	doc-1.2	241.73
1764332157.356059	doc-1.2	276.79
1764332157.4947333	doc-1.2	289.95
1764332157.6479466	doc-7.1	94.69
1764332157.8021905	doc-7.1	313.64
1764332157.9419715	doc-7.1	271.39
1764332158.0962663	doc-7.1	271.97
1764332158.2340882	doc-7.1	93.59
1764332158.386953	doc-7.1	272.07
1764332158.5210571	doc-7.1	274.95
1764332158.675435	doc-7.1	253.36
1764332158.8553965	doc-7.1	92.18
1764332159.0070267	doc-7.1	275.82
1764332159.1443682	doc-7.1	275.38
1764332159.29882	doc-7.1	281.45
1764332159.436202	doc-7.1	93.79
1764332159.5880349	doc-7.1	267.03
1764332159.7419171	doc-7.1	275.58
1764332159.91641	doc-7.1	115.66
1764332160.0749686	doc-7.1	302.21
1764332160.2347438	doc-7.1	91.11
1764332160.3949718	doc-7.1	267.29
1764332160.5475647	doc-7.1	102.82
1764332160.6824214	doc-7.1	237.36
1764332160.842823	doc-2.2	125.59
1764332160.9978788	doc-2.2	314.99
1764332161.1518342	doc-2.2	304.46
1764332161.3028586	doc-2.2	301.29
1764332161.43943	doc-2.2	278.41
1764332161.5942373	doc-2.2	253.73
1764332161.7531168	doc-2.2	279.24
1764332161.8882787	doc-2.2	282.51
1764332162.0247946	doc-2.2	275.83
1764332162.1782577	doc-2.2	289.04
1764332162.3155034	doc-2.2	287.00
1764332162.4664347	doc-2.2	287.47
1764332162.6001413	doc-2.2	291.84
1764332162.754189	doc-2.2	296.96
1764332162.892615	doc-2.2	279.49
1764332163.047054	doc-2.2	289.61
1764332163.1989913	doc-2.2	92.94
1764332163.353546	doc-2.2	308.52
1764332163.5144029	doc-2.2	292.01
1764332163.6537688	doc-2.2	302.37
1764332163.813376	doc-2.2	285.96
1764332163.9741611	doc-2.2	288.81
1764332164.1123443	doc-2.2	294.00
1764332164.2661977	doc-2.2	272.75
1764332164.4221292	doc-2.2	293.74
1764332164.556481	doc-2.2	295.21
1764332164.6922135	doc-2.2	300.34
1764332164.8254738	doc-2.2	289.78
1764332164.9977787	doc-2.2	252.51
1764332165.1318922	doc-2.2	257.56
1764332165.304718	doc-2.2	268.93
1764332165.4415605	doc-2.2	254.53
1764332165.5978913	doc-2.2	259.68
1764332165.7350092	doc-2.2	269.55
1764332165.8716004	doc-2.2	245.34
1764332166.0119166	doc-2.2	259.92
1764332166.1659265	doc-2.2	266.38
1764332166.3007882	doc-2.2	291.00
1764332166.4538858	doc-2.2	290.55
1764332166.6115506	doc-2.2	257.97
1764332166.7665439	doc-2.2	258.48
1764332166.9044852	doc-2.2	297.35
1764332167.0412157	doc-2.2	295.71
1764332167.1772723	doc-2.2	297.88
1764332167.313206	doc-2.2	294.70
1764332167.4513655	doc-2.2	288.88
1764332167.6061065	doc-2.2	291.99
1764332167.7435188	doc-2.2	290.26
1764332167.8980684	doc-2.2	299.04
1764332168.0345228	doc-2.2	299.62
1764332168.1914942	doc-2.2	295.69
1764332168.3311794	doc-2.2	295.18
1764332168.491006	doc-2.2	291.43
1764332168.630805	doc-2.2	298.34
1764332168.7859485	doc-2.2	294.49
1764332168.9422133	doc-2.2	293.57
1764332169.0979607	doc-2.2	298.82
1764332169.233574	doc-2.2	297.46
1764332169.3706982	doc-2.2	293.64
1764332169.5104942	doc-2.2	296.38
1764332169.6506004	doc-2.2	296.42
1764332169.7909145	doc-2.2	303.42
1764332169.93052	doc-2.2	297.26
1764332170.1101713	doc-2.2	272.59
1764332170.2503514	doc-2.2	274.57
1764332170.4104297	doc-2.2	291.63
1764332170.5439355	doc-2.2	298.14
1764332170.679717	doc-2.2	294.76
1764332170.8305068	doc-2.2	299.01
1764332170.9906726	doc-2.2	299.54
1764332171.1302366	doc-2.2	296.08
1764332171.2925541	doc-2.2	170.95
1764332171.4513786	doc-2.2	93.81
1764332171.5924711	doc-2.2	309.34
1764332171.7513196	doc-2.2	300.40
1764332171.8914528	doc-2.2	299.92
1764332172.031195	doc-2.2	282.92
1764332172.1710365	doc-2.2	287.33
1764332172.3098297	doc-2.2	289.30
1764332172.4446099	doc-2.2	290.95
1764332172.597722	doc-2.2	301.36
1764332172.7328532	doc-2.2	287.72
1764332172.869637	doc-2.2	299.55
1764332173.0227616	doc-2.2	297.70
1764332173.1781638	doc-2.2	297.68
1764332173.314763	doc-2.2	292.93
1764332173.4515567	doc-2.2	286.26
1764332173.6094348	doc-2.2	299.39
1764332173.7693758	doc-2.2	296.87
1764332173.9094324	doc-2.2	292.70
1764332174.044625	doc-2.2	292.83
1764332174.181763	doc-2.2	300.58
1764332174.3179796	doc-2.2	298.24
1764332174.4536977	doc-2.2	294.51
1764332174.58954	doc-2.2	298.80
1764332174.7291987	doc-2.2	295.57
1764332174.8830926	doc-2.2	294.52
1764332175.0200138	doc-2.2	298.34
1764332175.1564178	doc-2.2	295.17
1764332175.3104692	doc-2.2	298.55
1764332175.448648	doc-2.2	295.33
1764332175.6021128	doc-2.2	297.78
1764332175.738525	doc-2.2	293.92
1764332175.8755922	doc-2.2	300.72
1764332176.0127838	doc-2.2	295.09
1764332176.1689036	doc-2.2	298.63
1764332176.3396015	doc-2.2	299.61
1764332176.4941478	doc-2.2	281.74
1764332176.6508083	doc-2.2	301.46
1764332176.809834	doc-2.2	285.30
1764332176.9505172	doc-2.2	285.17
1764332177.1101818	doc-2.2	286.25
1764332177.2694335	doc-2.2	286.30
1764332177.4225276	doc-2.2	292.73
1764332177.5787733	doc-2.2	291.33
1764332177.734301	doc-2.2	298.04
1764332177.8897102	doc-2.2	296.72
1764332178.0281003	doc-2.2	292.74
1764332178.181996	doc-2.2	283.09
1764332178.3344524	doc-2.2	297.32
1764332178.471909	doc-2.2	296.98
1764332178.6078815	doc-2.2	290.61
1764332178.7477994	doc-2.2	296.51
1764332178.8877616	doc-2.2	291.95
1764332179.0279872	doc-2.2	296.49
1764332179.1824045	doc-2.2	294.08
1764332179.3198798	doc-2.2	299.22
1764332179.4910119	doc-2.2	98.65
1764332179.649109	doc-2.2	93.21
1764332179.7879117	doc-2.2	304.51
1764332179.9427862	doc-2.2	297.89
1764332180.0803313	doc-2.2	296.40
1764332180.2350833	doc-2.2	300.66
1764332180.372637	doc-2.2	285.52
1764332180.5101764	doc-2.2	291.33
1764332180.64727	doc-2.2	293.89
1764332180.8225656	doc-2.2	296.66
1764332180.9601448	doc-2.2	298.67
1764332181.1343493	doc-2.2	294.57
1764332181.2713656	doc-2.2	292.39
1764332181.407837	doc-2.2	296.22
1764332181.5786018	doc-2.2	96.90
1764332181.7341979	doc-2.2	305.82
1764332181.8711605	doc-2.2	304.29
1764332182.0091658	doc-2.2	293.32
1764332182.1681614	doc-2.2	296.34
1764332182.3282444	doc-2.2	305.67
1764332182.4815924	doc-2.2	287.97
1764332182.6375353	doc-2.2	292.19
1764332182.7741358	doc-2.2	290.30
1764332182.931199	doc-2.2	295.93
1764332183.0702128	doc-2.2	301.55
1764332183.2076972	doc-2.2	299.72
1764332183.34643	doc-2.2	291.49
1764332183.4864502	doc-2.2	292.55
1764332183.626254	doc-2.2	298.33
1764332183.7664607	doc-2.2	290.25
1764332183.906129	doc-2.2	295.81
1764332184.0459986	doc-2.2	292.31
1764332184.1867425	doc-2.2	291.66
1764332184.3260581	doc-2.2	296.13
1764332184.460211	doc-2.2	300.58
1764332184.6138892	doc-2.2	291.39
1764332184.7702107	doc-2.2	296.25
1764332184.9450521	doc-2.2	96.41
1764332185.098041	doc-2.2	301.55
1764332185.2347596	doc-2.2	306.51
1764332185.3909478	doc-2.2	303.66
1764332185.5483162	doc-2.2	302.44
1764332185.6871872	doc-2.2	269.18
1764332185.8270497	doc-2.2	284.90
1764332185.9859805	doc-2.2	292.19
1764332186.1380544	doc-2.2	298.71
1764332186.2746763	doc-2.2	291.13
1764332186.430037	doc-2.2	292.91
1764332186.5655434	doc-2.2	296.11
1764332186.7181451	doc-2.2	296.49
1764332186.8540466	doc-2.2	297.35
1764332186.990052	doc-2.2	295.74
1764332187.1270807	doc-2.2	295.76
1764332187.2850823	doc-2.2	289.58
1764332187.437797	doc-2.2	292.19
1764332187.5942714	doc-2.2	290.21
1764332187.7457545	doc-2.2	295.65
1764332187.8851995	doc-2.2	292.11
1764332188.0391238	doc-2.2	296.60
1764332188.1722138	doc-2.2	294.49
1764332188.3262365	doc-2.2	298.43
1764332188.4647808	doc-2.2	292.12
1764332188.6382756	doc-2.2	260.22
1764332188.8185413	doc-10.14	94.76
1764332188.9521883	doc-10.14	93.03
1764332189.0897462	doc-10.14	276.05
1764332189.2257795	doc-10.14	252.85
1764332189.3645184	doc-10.14	280.49
1764332189.5352404	doc-10.14	282.99
1764332189.6727045	doc-10.14	94.08
1764332189.827331	doc-10.14	276.56
1764332189.9657874	doc-10.14	266.62
1764332190.1185029	doc-10.14	289.03
1764332190.2720625	doc-10.14	285.01
1764332190.4260812	doc-10.14	303.25
1764332190.5657096	doc-10.14	256.15
1764332190.705587	doc-10.14	284.26
1764332190.8438916	doc-10.14	285.71
1764332190.9844205	doc-10.14	286.55
1764332191.123848	doc-10.14	287.95
1764332191.305293	doc-10.14	97.04
1764332191.4455447	doc-10.14	294.91
1764332191.5854847	doc-10.14	279.84
1764332191.7249172	doc-10.14	282.02
1764332191.8671155	doc-10.14	283.82
1764332192.0255938	doc-10.14	185.38
1764332192.186534	doc-10.14	272.65
1764332192.3387337	doc-10.14	279.67
1764332192.5119805	doc-10.14	114.89
1764332192.6664784	doc-10.14	308.23
1764332192.8047879	doc-10.14	272.54
1764332192.9646308	doc-10.14	278.22
1764332193.10308	doc-10.14	281.23
1764332193.2581568	doc-10.14	283.31
1764332193.4123538	doc-10.14	96.02
1764332193.564808	doc-10.14	302.30
1764332193.7050478	doc-10.14	257.83
1764332193.8555412	doc-10.14	251.29
1764332194.0224297	doc-4.1	92.26
1764332194.175506	doc-4.1	296.39
1764332194.3304403	doc-4.1	300.99
1764332194.4696093	doc-4.1	297.74
1764332194.6053271	doc-4.1	279.99
1764332194.7641792	doc-4.1	282.85
1764332194.9034693	doc-4.1	275.65
1764332195.042792	doc-4.1	295.87
1764332195.182885	doc-4.1	291.92
1764332195.3424928	doc-4.1	294.36
1764332195.5025911	doc-4.1	292.01
1764332195.6425247	doc-4.1	292.67
1764332195.7828314	doc-4.1	279.31
1764332195.9225948	doc-4.1	294.90
1764332196.0887482	doc-4.1	93.89
1764332196.2507367	doc-4.1	296.46
1764332196.414788	doc-4.1	298.81
1764332196.5847816	doc-4.1	284.69
1764332196.7453527	doc-4.1	284.31
1764332196.911541	doc-4.1	279.84
1764332197.0823033	doc-4.1	292.73
1764332197.2431734	doc-4.1	274.47
1764332197.3833442	doc-4.1	297.94
1764332197.522307	doc-4.1	292.68
1764332197.662178	doc-4.1	291.05
1764332197.8216586	doc-4.1	292.87
1764332197.9822562	doc-4.1	295.84
1764332198.1222136	doc-4.1	295.39
1764332198.2619135	doc-4.1	298.64
1764332198.4220366	doc-4.1	291.99
1764332198.5619507	doc-4.1	284.88
1764332198.721612	doc-4.1	298.13
1764332198.8617735	doc-4.1	299.65
1764332199.0373812	doc-4.1	108.51
1764332199.1752415	doc-4.1	299.63
1764332199.3125293	doc-4.1	304.40
1764332199.4495168	doc-4.1	301.46
1764332199.6231933	doc-4.1	240.53
1764332199.7834318	doc-4.1	265.96
1764332199.941159	doc-4.1	288.52
1764332200.101376	doc-4.1	293.11
1764332200.261433	doc-4.1	285.88
1764332200.4011831	doc-4.1	298.24
1764332200.5409412	doc-4.1	298.36
1764332200.6810277	doc-4.1	296.25
1764332200.8209975	doc-4.1	292.53
1764332201.003486	doc-4.1	93.89
1764332201.140861	doc-4.1	302.57
1764332201.2824657	doc-4.1	301.86
1764332201.44144	doc-4.1	303.13
1764332201.5823512	doc-4.1	257.60
1764332201.7218714	doc-4.1	257.73
1764332201.880873	doc-4.1	287.45
1764332202.0355132	doc-4.1	288.21
1764332202.1730323	doc-4.1	293.90
1764332202.3091888	doc-4.1	296.86
1764332202.444914	doc-4.1	297.42
1764332202.6003504	doc-4.1	293.07
1764332202.7544453	doc-4.1	292.90
1764332202.9099927	doc-4.1	292.36
1764332203.0466793	doc-4.1	293.65
1764332203.1838477	doc-4.1	282.29
1764332203.320571	doc-4.1	298.83
1764332203.460041	doc-4.1	295.92
1764332203.5999918	doc-4.1	287.87
1764332203.753981	doc-4.1	295.09
1764332203.892528	doc-4.1	286.47
1764332204.0464785	doc-4.1	296.85
1764332204.2197638	doc-4.1	291.97
1764332204.3939784	doc-4.1	271.10
1764332204.5290594	doc-4.1	298.96
1764332204.6832132	doc-4.1	301.77
1764332204.840164	doc-4.1	302.67
1764332205.0133104	doc-4.1	255.79
1764332205.1664875	doc-4.1	248.69
1764332205.321902	doc-4.1	282.71
1764332205.4797363	doc-4.1	264.26
1764332205.6192524	doc-4.1	288.88
1764332205.773611	doc-4.1	275.34
1764332205.9092164	doc-4.1	277.15
1764332206.0452924	doc-4.1	267.71
1764332206.1802866	doc-4.1	296.94
1764332206.3191662	doc-4.1	274.38
1764332206.4801536	doc-4.1	270.76
1764332206.619136	doc-4.1	295.16
1764332206.7589617	doc-4.1	296.25
1764332206.8989697	doc-4.1	303.14
1764332207.054181	doc-4.1	297.71
1764332207.191221	doc-4.1	292.37
1764332207.3464165	doc-4.1	296.52
1764332207.501372	doc-4.1	295.92
1764332207.6388063	doc-4.1	295.08
1764332207.7791002	doc-4.1	297.55
1764332207.9188526	doc-4.1	294.98
1764332208.0586672	doc-4.1	299.07
1764332208.1988184	doc-4.1	290.14
1764332208.3588967	doc-4.1	299.84
1764332208.498381	doc-4.1	299.05
1764332208.6383064	doc-4.1	296.70
1764332208.7787344	doc-4.1	298.33
1764332208.9383974	doc-4.1	292.54
1764332209.0783286	doc-4.1	302.04
1764332209.2181318	doc-4.1	290.47
1764332209.370803	doc-4.1	297.28
1764332209.544847	doc-4.1	295.19
1764332209.6803699	doc-4.1	271.40
1764332209.857614	doc-4.1	254.67
1764332210.019228	doc-4.1	217.99
1764332210.178925	doc-4.1	306.82
1764332210.339318	doc-4.1	304.80
1764332210.479535	doc-4.1	302.57
1764332210.639233	doc-4.1	286.08
1764332210.7795584	doc-4.1	286.84
1764332210.9576986	doc-4.1	298.25
1764332211.0922291	doc-4.1	241.43
1764332211.2456896	doc-4.1	241.23
1764332211.3820093	doc-4.1	261.14
1764332211.5385394	doc-4.1	248.70
1764332211.677558	doc-4.1	292.22
1764332211.8275313	doc-4.1	299.10
1764332211.9650729	doc-4.1	97.00
1764332212.101416	doc-4.1	300.82
1764332212.2591548	doc-4.1	297.64
1764332212.3991067	doc-4.1	298.95
1764332212.5585883	doc-4.1	292.17
1764332212.7184377	doc-4.1	285.51
1764332212.857208	doc-4.1	266.01
1764332212.9967115	doc-4.1	280.34
1764332213.1476007	doc-4.1	287.96
1764332213.323526	doc-5.1	93.50
1764332213.4800584	doc-5.1	294.73
1764332213.6182284	doc-5.1	230.50
1764332213.751847	doc-5.1	273.36
1764332213.8862631	doc-5.1	110.16
1764332214.0375772	doc-5.1	143.12
1764332214.1785173	doc-5.1	280.75
1764332214.3105	doc-5.1	277.98
1764332214.4620092	doc-5.1	282.54
1764332214.5989907	doc-5.1	286.22
1764332214.7564855	doc-5.1	287.65
1764332214.9372625	doc-5.1	95.15
1764332215.0779688	doc-5.1	279.01
1764332215.217319	doc-5.1	279.04
1764332215.3561358	doc-5.1	278.70
1764332215.4878635	doc-5.1	284.39
1764332215.6237676	doc-5.1	276.65
1764332215.757231	doc-5.1	290.29
1764332215.9358027	doc-5.1	107.72
1764332216.089801	doc-5.1	267.83
1764332216.223676	doc-5.1	277.48
1764332216.3769286	doc-5.1	283.59
1764332216.5387704	doc-5.1	290.05
1764332216.696131	doc-5.1	306.00
1764332216.8371253	doc-5.1	269.92
1764332216.9893644	doc-5.1	93.49
1764332217.1243389	doc-5.1	308.64
1764332217.2597365	doc-5.1	261.28
1764332217.4169874	doc-5.1	279.20
1764332217.5691316	doc-5.1	94.39
1764332217.7212944	doc-5.1	308.10
1764332217.8578289	doc-5.1	275.75
1764332218.0165575	doc-5.1	147.02
1764332218.1944487	doc-10.4	92.26
1764332218.3498833	doc-10.4	291.00
1764332218.502223	doc-10.4	277.21
1764332218.6584048	doc-10.4	274.48
1764332218.7953753	doc-10.4	282.44
1764332218.9546723	doc-10.4	101.76
1764332219.096672	doc-10.4	293.98
1764332219.2502189	doc-10.4	281.35
1764332219.3869295	doc-10.4	279.86
1764332219.5231683	doc-10.4	284.60
1764332219.6776433	doc-10.4	287.77
1764332219.8359888	doc-10.4	254.00
1764332219.9760711	doc-10.4	263.45
1764332220.1288068	doc-10.4	263.90
1764332220.2822397	doc-10.4	284.43
1764332220.4385836	doc-10.4	265.79
1764332220.5948794	doc-10.4	275.25
1764332220.7539866	doc-10.4	287.86
1764332220.8960104	doc-10.4	315.70
1764332221.0559433	doc-10.4	262.50
1764332221.195999	doc-10.4	276.16
1764332221.350336	doc-10.4	277.13
1764332221.5052423	doc-10.4	257.20
1764332221.6579325	doc-10.4	266.47
1764332221.8141608	doc-10.4	257.78
1764332221.9681976	doc-10.4	96.32
1764332222.125793	doc-10.4	318.37
1764332222.2794049	doc-10.4	242.37
1764332222.4156253	doc-10.4	277.52
1764332222.5542483	doc-10.4	280.09
1764332222.694094	doc-10.4	285.91
1764332222.8532784	doc-10.4	112.20
1764332223.005781	doc-10.4	299.03
1764332223.1581738	doc-10.4	273.08
1764332223.3150876	doc-10.4	280.66
1764332223.4539297	doc-10.4	290.71
1764332223.5936997	doc-10.4	281.96
1764332223.7336392	doc-10.4	281.18
1764332223.902797	doc-10.4	189.37
1764332224.0575008	doc-10.4	176.68
1764332224.1950202	doc-10.4	276.58
1764332224.354583	doc-10.4	257.14
1764332224.4932308	doc-10.4	283.18
1764332224.6281397	doc-10.4	285.84
1764332224.7820485	doc-10.4	284.04
1764332224.9392385	doc-10.4	289.03
1764332225.093351	doc-10.4	286.30
1764332225.2465186	doc-10.4	287.05
1764332225.3788927	doc-10.4	294.43
1764332225.532996	doc-10.4	284.75
1764332225.6675344	doc-10.4	286.89
1764332225.8218212	doc-10.4	284.37
1764332225.9560952	doc-10.4	295.58
1764332226.093095	doc-10.4	286.60
1764332226.2460792	doc-10.4	288.08
1764332226.383069	doc-10.4	291.44
1764332226.5189657	doc-10.4	292.51
1764332226.6554294	doc-10.4	288.02
1764332226.8131592	doc-10.4	286.35
1764332226.966871	doc-10.4	287.08
1764332227.10342	doc-10.4	285.49
1764332227.2572992	doc-10.4	287.64
1764332227.3931463	doc-10.4	287.02
1764332227.5458019	doc-10.4	283.35
1764332227.6972759	doc-10.4	278.21
1764332227.8524475	doc-10.4	286.20
1764332228.00684	doc-10.4	291.11
1764332228.161891	doc-10.4	294.41
1764332228.2957559	doc-10.4	289.49
1764332228.4523315	doc-10.4	287.07
1764332228.6068587	doc-10.4	248.76
1764332228.7620692	doc-10.4	257.13
1764332228.899699	doc-10.4	289.01
1764332229.0363624	doc-10.4	287.95
1764332229.1868496	doc-10.4	288.74
1764332229.3426697	doc-10.4	287.32
1764332229.4931805	doc-10.4	291.43
1764332229.631165	doc-10.4	290.47
1764332229.798806	doc-10.4	210.89
1764332229.9339674	doc-10.3	93.71
1764332230.0859282	doc-10.3	308.50
1764332230.2428184	doc-10.3	263.25
1764332230.398233	doc-10.3	272.88
1764332230.5349796	doc-10.3	276.94
1764332230.6916182	doc-10.3	288.36
1764332230.865592	doc-10.3	308.34
1764332231.0184617	doc-10.3	236.67
1764332231.173492	doc-10.3	281.44
1764332231.310988	doc-10.3	281.28
1764332231.46148	doc-10.3	106.94
1764332231.6186588	doc-10.3	263.05
1764332231.7748885	doc-10.3	282.20
1764332231.9116623	doc-10.3	277.65
1764332232.0653841	doc-10.3	289.12
1764332232.2015676	doc-10.3	285.09
1764332232.371211	doc-10.3	98.07
1764332232.525916	doc-10.3	304.11
1764332232.678771	doc-10.3	275.65
1764332232.8157938	doc-10.3	276.83
1764332232.966681	doc-10.3	284.63
1764332233.1218326	doc-10.3	284.78
1764332233.302993	doc-10.3	214.39
1764332233.4404943	doc-10.3	300.02
1764332233.5922792	doc-10.3	283.44
1764332233.75057	doc-10.3	234.46
1764332233.911273	doc-10.3	288.48
1764332234.0512228	doc-10.3	288.06
1764332234.200227	doc-10.3	119.31
1764332234.3546548	doc-10.3	92.91
1764332234.5122392	doc-10.3	275.74
1764332234.671093	doc-10.3	250.03
1764332234.8297503	doc-10.3	253.54
1764332234.9698052	doc-10.3	96.71
1764332235.121836	doc-10.3	306.20
1764332235.2755756	doc-10.3	241.90
1764332235.4311042	doc-10.3	246.91
1764332235.5701442	doc-10.3	248.65
1764332235.7396264	doc-10.3	280.91
1764332235.8745246	doc-5.4	92.74
1764332236.0114331	doc-5.4	91.96
1764332236.164192	doc-5.4	253.32
1764332236.3271327	doc-5.4	273.18
1764332236.4826796	doc-5.4	265.05
1764332236.639001	doc-5.4	281.71
1764332236.7945073	doc-5.4	268.33
1764332236.9519796	doc-5.4	258.60
1764332237.109883	doc-5.4	276.48
1764332237.2695966	doc-5.4	279.28
1764332237.4293303	doc-5.4	277.19
1764332237.5888581	doc-5.4	97.58
1764332237.7426856	doc-5.4	121.18
1764332237.877273	doc-5.4	268.41
1764332238.0313184	doc-5.4	281.90
1764332238.1698062	doc-5.4	264.36
1764332238.3048134	doc-5.4	247.56
1764332238.4584715	doc-5.4	283.41
1764332238.61519	doc-5.4	252.82
1764332238.770418	doc-5.4	268.17
1764332238.92908	doc-5.4	282.47
1764332239.082929	doc-5.4	288.32
1764332239.237695	doc-5.4	279.31
1764332239.3905108	doc-5.4	289.01
1764332239.548985	doc-5.4	252.12
1764332239.727836	doc-5.4	238.16
1764332239.8697839	doc-5.4	298.80
1764332240.030656	doc-5.4	300.17
1764332240.1703868	doc-5.4	260.46
1764332240.3287683	doc-5.4	261.64
1764332240.4817202	doc-5.4	252.89
1764332240.6570828	doc-5.4	259.67
1764332240.8142185	doc-5.4	279.20
1764332240.968424	doc-5.4	260.63
1764332241.108101	doc-5.4	256.89
1764332241.2484167	doc-5.4	275.61
1764332241.3890817	doc-5.4	285.57
1764332241.5703943	doc-5.4	313.26
1764332241.7290747	doc-5.4	308.16
1764332241.883175	doc-5.4	280.31
1764332242.039376	doc-5.4	274.50
1764332242.1766114	doc-5.4	284.85
1764332242.328007	doc-5.4	282.08
1764332242.483493	doc-5.4	283.37
1764332242.6207576	doc-5.4	287.09
1764332242.7731202	doc-5.4	277.08
1764332242.9280527	doc-5.4	287.61
1764332243.0677962	doc-5.4	285.46
1764332243.2210588	doc-5.4	280.72
1764332243.3871582	doc-5.4	100.60
1764332243.5208852	doc-5.4	258.70
1764332243.673804	doc-5.4	305.89
1764332243.8508844	doc-5.4	240.80
1764332244.0077612	doc-5.4	277.25
1764332244.1691775	doc-5.4	228.53
1764332244.3420038	doc-5.4	93.42
1764332244.4945242	doc-5.4	306.45
1764332244.6489031	doc-5.4	279.20
1764332244.8022046	doc-5.4	280.13
1764332244.9380872	doc-5.4	278.10
1764332245.094771	doc-5.4	283.87
1764332245.2473311	doc-5.4	279.31
1764332245.4016552	doc-5.4	93.40
1764332245.5356011	doc-5.4	301.00
1764332245.6901603	doc-5.4	271.87
1764332245.847454	doc-8.2	213.98
1764332246.008464	doc-8.2	311.92
1764332246.147427	doc-8.2	244.19
1764332246.3082135	doc-8.2	258.37
1764332246.4667845	doc-8.2	279.35
1764332246.6410847	doc-8.2	93.98
1764332246.776535	doc-8.2	268.58
1764332246.9134357	doc-8.2	280.17
1764332247.0669057	doc-8.2	284.62
1764332247.2197728	doc-8.2	108.70
1764332247.3528366	doc-8.2	258.92
1764332247.52728	doc-8.2	259.64
1764332247.679085	doc-8.2	266.49
1764332247.8341935	doc-8.2	252.00
1764332247.9726732	doc-8.2	283.22
1764332248.108448	doc-8.2	282.93
1764332248.287555	doc-8.2	173.02
1764332248.427027	doc-8.2	305.77
1764332248.567559	doc-8.2	274.15
1764332248.7258837	doc-8.2	264.03
1764332248.8606997	doc-8.2	284.85
1764332249.0058157	doc-8.2	286.30
1764332249.1729743	doc-8.2	305.62
1764332249.3528004	doc-8.2	260.13
1764332249.5367565	doc-8.2	280.00
1764332249.6974432	doc-8.2	92.82
1764332249.8804839	doc-8.2	255.80
1764332250.0348296	doc-8.2	274.08
1764332250.196514	doc-8.2	277.53
1764332250.3561683	doc-8.2	258.11
1764332250.4982316	doc-8.2	280.63
1764332250.6593316	doc-8.2	93.98
1764332250.8290443	doc-3.2	91.70
1764332250.988516	doc-3.2	298.14
1764332251.1526165	doc-3.2	268.14
1764332251.2875226	doc-3.2	273.39
1764332251.446635	doc-3.2	286.25
1764332251.6064277	doc-3.2	310.99
1764332251.7666898	doc-3.2	275.42
1764332251.9060943	doc-3.2	267.03
1764332252.0647252	doc-3.2	284.08
1764332252.2147417	doc-3.2	216.51
1764332252.370289	doc-3.2	304.48
1764332252.5061889	doc-3.2	275.49
1764332252.6460898	doc-3.2	278.33
1764332252.8052976	doc-3.2	284.66
1764332252.9858835	doc-3.2	92.91
1764332253.1466727	doc-3.2	302.23
1764332253.3057258	doc-3.2	272.83
1764332253.4646697	doc-3.2	277.87
1764332253.6166992	doc-3.2	104.61
1764332253.7702007	doc-3.2	298.37
1764332253.9266117	doc-3.2	271.96
1764332254.0857904	doc-3.2	278.88
1764332254.2241776	doc-3.2	282.95
1764332254.3847964	doc-3.2	285.58
1764332254.5373926	doc-3.2	283.40
1764332254.695916	doc-3.2	118.65
1764332254.8495455	doc-3.2	92.35
1764332255.0069814	doc-3.2	235.90
1764332255.1656215	doc-3.2	260.30
1764332255.3036456	doc-3.2	114.50
1764332255.4575431	doc-3.2	299.92
1764332255.609393	doc-3.2	273.47
1764332255.7847059	doc-6.1	90.72
1764332255.9388342	doc-6.1	90.99
1764332256.0948217	doc-6.1	306.42
1764332256.2505717	doc-6.1	277.22
1764332256.3880308	doc-6.1	284.37
1764332256.523453	doc-6.1	280.94
1764332256.663415	doc-6.1	287.76
1764332256.7972693	doc-6.1	286.07
1764332256.9506366	doc-6.1	286.79
1764332257.085434	doc-6.1	285.25
1764332257.237922	doc-6.1	93.33
1764332257.3946915	doc-6.1	306.10
1764332257.5325587	doc-6.1	276.33
1764332257.6866753	doc-6.1	282.77
1764332257.8243988	doc-6.1	287.02
1764332257.9626884	doc-6.1	94.66
1764332258.1180186	doc-6.1	308.90
1764332258.2743332	doc-6.1	257.91
1764332258.4269984	doc-6.1	276.30
1764332258.5785952	doc-6.1	279.71
1764332258.73481	doc-6.1	288.99
1764332258.8692186	doc-6.1	287.99
1764332259.0226626	doc-6.1	287.04
1764332259.1565542	doc-6.1	286.00
1764332259.2923734	doc-6.1	283.06
1764332259.4424543	doc-6.1	287.61
1764332259.5826488	doc-6.1	289.40
1764332259.7340996	doc-6.1	287.22
1764332259.8718176	doc-6.1	285.26
1764332260.0085778	doc-6.1	293.27
1764332260.1448987	doc-6.1	276.45
1764332260.2823563	doc-6.1	285.66
1764332260.44157	doc-6.1	295.43
1764332260.6134381	doc-6.1	287.41
1764332260.7654576	doc-6.1	306.71
1764332260.9235148	doc-6.1	269.33
1764332261.0634472	doc-6.1	265.11
1764332261.2019854	doc-6.1	286.78
1764332261.343197	doc-6.1	188.26
1764332261.4830391	doc-6.1	302.84
1764332261.636933	doc-6.1	294.80
1764332261.773226	doc-6.1	278.93
1764332261.9268022	doc-6.1	283.81
1764332262.1010954	doc-6.1	97.48
1764332262.2545974	doc-6.1	298.77
1764332262.3916013	doc-6.1	305.83
1764332262.5512724	doc-6.1	272.92
1764332262.6878235	doc-6.1	284.95
1764332262.8256223	doc-6.1	280.23
1764332262.9644217	doc-6.1	287.53
1764332263.1413994	doc-6.1	283.31
1764332263.3140035	doc-6.1	243.45
1764332263.4933999	doc-6.1	267.83
1764332263.6700175	doc-6.1	224.74
1764332263.8265672	doc-6.1	299.69
1764332263.9633958	doc-6.1	278.00
1764332264.122383	doc-6.1	257.79
1764332264.2612286	doc-6.1	253.60
1764332264.4133804	doc-6.1	258.77
1764332264.5960338	doc-10.7	92.55
1764332264.7323878	doc-10.7	124.93
1764332264.8864841	doc-10.7	274.28
1764332265.0623417	doc-10.7	275.23
1764332265.2203283	doc-10.7	97.68
1764332265.3740609	doc-10.7	260.71
1764332265.529584	doc-10.7	247.91
1764332265.666176	doc-10.7	253.29
1764332265.8202727	doc-10.7	256.50
1764332265.960965	doc-10.7	304.90
1764332266.1223133	doc-10.7	262.15
1764332266.2618496	doc-10.7	281.06
1764332266.4208066	doc-10.7	273.25
1764332266.5643628	doc-10.7	277.46
1764332266.7204664	doc-10.7	92.64
1764332266.8618608	doc-10.7	270.48
1764332267.0244422	doc-10.7	276.79
1764332267.161024	doc-10.7	307.13
1764332267.3182309	doc-10.7	267.90
1764332267.4727972	doc-10.7	91.86
1764332267.6099138	doc-10.7	304.22
1764332267.78292	doc-10.7	240.58
1764332267.9407737	doc-10.7	276.13
1764332268.1167238	doc-10.7	94.47
1764332268.254981	doc-10.7	309.76
1764332268.430595	doc-10.7	266.67
1764332268.587134	doc-10.7	258.98
1764332268.721223	doc-10.7	276.50
